date,open,high,low,close,volume
2025-07-15,153.75,158.68,153.56,155.61,93370100
2025-07-16,155.31,160.36,152.85,160.08,59492800
2025-07-17,161.81,161.96,158.68,160.41,50605117
2025-07-18,159.59,160.83,155.81,156.99,48859835
2025-07-21,157.62,160.34,156.92,157,39021130
2025-07-22,156.2,156.23,149.34,154.72,49028017
2025-07-23,156.32,159.45,156,158.65,41510900
2025-07-24,159.12,163.93,158.36,162.12,48440112
2025-07-25,163.51,167.18,162.36,166.47,53432300
2025-07-28,169.08,174.7,168.67,173.66,68267835
2025-07-29,175.21,182.31,174.68,177.44,108154838
2025-07-30,175.61,180.37,173.8,179.51,64820300
2025-07-31,182.02,182.5,173,176.31,71765300
2025-08-01,170.16,174.4,166.82,171.7,75396130
2025-08-04,174.61,177.86,173.56,176.78,52951044
2025-08-05,177.57,177.99,171.8,174.31,88808520
2025-08-06,165.05,166.18,157.8,163.12,133641835
2025-08-07,166.84,175.75,166.7,172.4,95448310
2025-08-08,174.04,176.48,170.52,172.76,68866700
2025-08-11,170.04,178.82,169.38,172.28,70651033
2025-08-12,173.32,175.16,168.5,174.95,52335746
2025-08-13,179.91,186.65,179.38,184.42,108305129
2025-08-14,179.83,185.44,179.56,180.95,66308821
2025-08-15,180.06,180.14,176.25,177.51,51543136
2025-08-18,176.76,178.8,174.36,176.14,35937528
2025-08-19,173.1,173.17,166.1,166.55,64455006
2025-08-20,164.1,166.65,158.25,165.2,60233226
2025-08-21,165.86,165.88,162.26,163.71,37880500
2025-08-22,162.17,168.53,161.8,167.76,43998605
2025-08-25,165.55,165.59,161.72,163.36,36134700
2025-08-26,168.65,169.77,164.91,166.62,52138600
2025-08-27,166.04,167.68,164.65,167.13,37031044
2025-08-28,168.5,170.99,166.65,168.58,36285200
2025-08-29,166.81,168.57,161.9,162.63,37516824
2025-09-02,158.42,162.39,156.62,162.32,38656131
2025-09-03,161.81,164.75,160.58,162.13,30752800
2025-09-04,159.94,162.05,157.79,161.79,32103500
2025-09-05,157.12,157.14,150.18,151.14,78256000
2025-09-08,151.8,152.64,149.22,151.41,41849000
2025-09-09,151.99,156.66,151.93,155.82,42802500
2025-09-10,163.54,164.53,158,159.54,52465300
2025-09-11,158.62,160.21,154.99,155.67,48817715
2025-09-12,157,160.41,154.92,158.57,42232800
2025-09-15,160.01,162.3,157.6,161.16,36808726
2025-09-16,161.37,161.95,159.22,160.46,27946500
2025-09-17,159.28,161.63,155.76,159.16,41823842
2025-09-18,150.96,158.77,149.85,157.92,84549500
2025-09-19,157.38,159.84,155.9,157.39,55448100
2025-09-22,157.42,162.68,157.42,159.79,46505500
2025-09-23,160.52,163.39,159.21,160.9,39448320
2025-09-24,162.98,165.1,158.43,160.88,38464120
2025-09-25,157.14,161.63,154.78,161.27,36809900
2025-09-26,160.52,162.11,157.05,159.46,30316931
2025-09-29,160.12,164.3,159.9,161.36,39828800
2025-09-30,160.79,162.28,159.33,161.79,29669331
2025-10-01,160.93,164.18,160.49,164.01,39895200
2025-10-02,168.68,171.06,166.12,169.73,55475228
2025-10-03,170.68,170.68,163.14,164.67,42699147
2025-10-06,226.45,226.71,203.01,203.71,248859600
2025-10-07,214.85,218.9,209.28,211.51,115748143
2025-10-08,212.95,235.87,210.7,235.56,159983500
2025-10-09,236.3,240.1,229.53,232.89,94290740
2025-10-10,232.77,234.22,213.2,214.9,118656636
2025-10-13,220.2,224.19,214.9,216.42,63104021
2025-10-14,219.2,224.98,215.9,218.09,71216300
2025-10-15,222.71,239.24,220.76,238.6,108481000
2025-10-16,236.29,241.2,232.24,234.56,69726437
2025-10-17,233.26,235.38,227.91,233.08,55804203
2025-10-20,236.47,242.88,234.4,240.56,56741700
2025-10-21,239.39,242.26,234.02,238.03,47122400
2025-10-22,236.85,240.13,224.88,230.23,59668800
2025-10-23,230.16,235.9,228.54,234.99,39024429
2025-10-24,243.36,253.39,241.95,252.92,71221144
2025-10-27,257.88,260.42,249.8,259.67,65613111
2025-10-28,259.14,264.58,257,258.01,47448700
2025-10-29,264.19,267.08,257.4,264.33,49335600
2025-10-30,259.92,263.88,252.31,254.84,45162500
2025-10-31,259.6,262.13,253.41,256.12,34449205
2025-11-03,259.33,260.91,253.89,259.65,36351420
2025-11-04,250.35,257.38,247.39,250.05,56491830
2025-11-05,243.24,259.65,242.81,256.33,67366600
2025-11-06,253.47,253.51,235.74,237.7,66049700
2025-11-07,230.94,235.87,224.64,233.54,52162600
2025-11-10,242.14,248.9,240.5,243.98,43361641
2025-11-11,241.66,248.46,234.64,237.52,61336800
2025-11-12,253.13,263.51,250,258.89,108942000
2025-11-13,251.9,259.63,246.06,247.96,63178600
2025-11-14,240.11,253.44,235.08,246.81,47655644
2025-11-17,242.75,248.77,237.15,240.52,37942206
2025-11-18,236.78,238,224.71,230.29,45619900
2025-11-19,230.26,235.28,219.71,223.55,52093445
2025-11-20,232.7,234.25,204.53,206.02,66342900
2025-11-21,208.81,208.83,195,203.78,67421145
2025-11-24,207.16,217.13,205.85,215.05,46749600
2025-11-25,201.48,206.58,194.28,206.13,69773500
2025-11-26,210.05,215.59,207,214.24,43270240
2025-11-28,216.14,218.3,214.02,217.53,18658000
2025-12-01,213.88,220.98,213.5,219.76,30768722
2025-12-02,221.79,225.98,214.39,215.24,42002500
2025-12-03,216.26,218.2,211.77,217.6,28545200
2025-12-04,216.88,219.12,214.14,215.98,24478204
2025-12-05,217.17,223.64,216.24,217.97,33292400
2025-12-08,219.09,223.71,218.36,221.11,30943200
2025-12-09,221.04,224.84,217.91,221.62,25166128
2025-12-10,222,222.61,218.67,221.42,23279400
2025-12-11,217.81,221.5,210.19,221.43,30694649
2025-12-12,218.37,222.49,209.06,210.78,37073910
2025-12-15,212.28,215.36,206.58,207.58,27222200
2025-12-16,206.92,210.22,205.11,209.17,23467600
2025-12-17,210.04,211.5,197.53,198.11,31595409
2025-12-18,203.82,206.36,200.5,201.06,29720136
2025-12-19,204.6,215.18,204.2,213.43,58445500
2025-12-22,220,220.17,213.31,214.95,24950728
2025-12-23,212.86,217.03,212.28,214.9,20272300
2025-12-24,214.98,216.54,213.97,215.04,7956800
2025-12-26,215.43,216.83,213.03,214.99,15792600
2025-12-29,211.58,216.05,209.24,215.61,20326900
2025-12-30,215.87,216.82,214.33,215.34,16409600
2025-12-31,215.82,217.64,213.8,214.16,17591600
2026-01-02,218.9,227.15,218.9,223.47,36446200
2026-01-05,230.25,234.02,220.48,221.08,31941147
2026-01-06,222.71,222.92,211.25,214.35,40033208
2026-01-07,212.13,212.13,207.17,210.02,29715500
2026-01-08,210.9,210.94,203.33,204.68,27505031
2026-01-09,205.72,207.3,203.07,203.17,24217339
2026-01-12,201.18,209.88,199.8,207.69,27287300
2026-01-13,215.1,223.11,214.98,220.97,56894937
2026-01-14,217.54,224.09,215.11,223.6,40466520
2026-01-15,227.9,238.35,227.22,227.92,55270210
2026-01-16,234.3,234.49,228.86,231.83,42545614
2026-01-20,226.08,239.5,225.41,231.92,44327712
2026-01-21,235.99,252.9,235.78,249.8,62385600
2026-01-22,251.75,256.08,246.63,253.73,37945005
2026-01-23,261.18,266.96,256.25,259.68,47525928
2026-01-26,256.75,258.29,250.3,251.31,30672500
2026-01-27,252.16,255.55,247.96,252.03,25691600
2026-01-28,254.13,257.4,250.21,252.74,27061200
2026-01-29,254.66,260.53,240.91,252.18,31685200
2026-01-30,236.93,245.24,234.55,236.73,40035700
2026-02-02,235.77,249.97,235,246.27,36308106
2026-02-03,251.55,252.65,237.04,242.11,53097100
2026-02-04,215,218.58,199.15,200.19,107173300
2026-02-05,201.86,204.04,190.72,192.5,62196419
2026-02-06,197.13,209.27,196.43,208.44,54504500
2026-02-09,206.9,217.6,204.15,216,38810841
2026-02-10,215.14,219.39,213.13,213.57,25326700
2026-02-11,217.88,219.65,209.21,213.58,33384744
2026-02-12,215.83,218.46,205.14,205.94,32181000
2026-02-13,204.02,210.05,203.88,207.32,26123900
2026-02-17,202.15,205.3,194.83,203.08,33712100
2026-02-18,198.41,203.2,195,200.12,35664100
2026-02-19,200.11,204.1,198.29,203.37,25842300
2026-02-20,200.12,204.87,198.56,200.15,36317300
2026-02-23,198.09,199.38,194.15,196.6,28187909
2026-02-24,211.63,216.71,206.5,213.84,81367020
2026-02-25,214.82,216.7,210.33,210.86,44588100
2026-02-26,208.8,209.79,201.46,203.68,35020500
2026-02-27,200.11,201.89,197.74,200.21,31312400
2026-03-02,193.85,198.74,190,198.62,34120200
2026-03-03,191.46,193.64,188.22,190.95,37785700
2026-03-04,192.12,202.44,189.86,202.07,40912600
2026-03-05,197.77,203.79,194.88,199.45,36000700
2026-03-06,195.27,200.24,191.25,192.43,33913800
2026-03-09,189.36,202.97,189.02,202.68,38877220
2026-03-10,202.51,206.59,202.2,203.23,29139200
2026-03-11,205.11,209.21,203.63,204.83,23076400
2026-03-12,202.83,203.62,196.67,197.74,28886913
2026-03-13,198.11,199.68,192.27,193.39,27561900
2026-03-16,194.98,200.17,194.8,196.58,30285200
2026-03-17,196.68,199.21,195.26,196.31,22779700
2026-03-18,196,202.86,195.75,199.46,28569135
2026-03-19,195.03,205.88,192.83,205.27,32245329
2026-03-20,204.89,206.3,198.26,201.33,37265103
2026-03-23,206.4,209.11,201.71,202.68,31857800
2026-03-24,201.39,206.43,200.13,205.37,27258849
2026-03-25,211.51,221.33,211.51,220.27,48518300
2026-03-26,217.98,221,203.43,203.77,49213000
2026-03-27,201.77,203.27,197.69,201.99,29206600
2026-03-30,204.95,208.43,192.87,196.04,41053300
2026-03-31,198.05,204,196.41,203.43,42318748
2026-04-01,207.59,213.83,205.84,210.21,40835800
2026-04-02,204.05,217.78,200.62,217.5,38463500
2026-04-06,219.28,226.31,217.73,220.18,30786420
2026-04-07,218.26,222.1,215.38,221.53,26483009
2026-04-08,232.12,234,227.09,231.82,35496400
2026-04-09,233.01,237.1,230.91,236.64,27126209
2026-04-10,239,249.58,238.96,245.04,36477243
2026-04-13,245.03,247.33,242.03,246.83,22781800
2026-04-14,249.79,255.46,245.7,255.07,25733227
2026-04-15,254.96,258.18,251.85,258.12,24695200
2026-04-16,264.99,279.34,261.51,278.26,64850800
2026-04-17,281,281.05,274.14,278.39,35519900
2026-04-20,280.6,287.61,272,274.95,34833900
2026-04-21,277.33,286.2,276.62,284.49,38950900
2026-04-22,291.21,304.25,286.14,303.46,49054237
2026-04-23,302.01,310.22,299.76,305.33,45619726
2026-04-24,336.76,352.99,334.54,347.81,81616700
2026-04-27,346.32,349.21,328.81,334.63,50585307
2026-04-28,311.86,327.5,310,323.21,43002500
2026-04-29,326.58,340.17,318.86,337.11,44704400
2026-04-30,341.36,354.96,332.6,354.49,42115325
2026-05-01,351.87,362.79,349.25,360.54,34279200
2026-05-04,360.31,361.85,338.7,341.54,42000243
2026-05-05,351.51,359.57,344.88,355.26,64235117
2026-05-06,409.49,430.6,402.04,421.39,87732200
2026-05-07,417.07,421.71,401.08,408.46,44885500
2026-05-08,418.59,456.29,418.29,455.19,58134900
2026-05-11,460.55,469.22,450.88,458.79,46085400
2026-05-12,449.25,458.8,426.11,448.29,39140100
2026-05-13,457.04,459.5,432.65,445.5,30423400
2026-05-14,440.6,453.31,435.68,449.7,26113600
2026-05-15,433.34,439,423.36,424.1,29131600
2026-05-18,429.5,438.8,410.71,420.99,28432130
2026-05-19,412.6,428.75,393.36,414.05,38756913
2026-05-20,428.04,449.39,426.05,447.58,36137500
2026-05-21,441.99,451.2,431.6,449.59,27252000
2026-05-22,469.84,481.41,461.71,467.51,34758602
2026-05-26,484.74,506.96,480.23,503.89,38473800
2026-05-27,508,510.21,486.66,495.54,27589331
2026-05-28,499,527.2,493.52,518.09,31438519
2026-05-29,520.8,522,503.43,516.1,30803236
2026-06-01,500.16,517.5,486.8,510.13,33309248
2026-06-02,506.3,522.49,501.22,521.54,24293209
2026-06-03,533.75,546.44,524.3,542.52,29411149
2026-06-04,514.75,532.19,499.87,523.2,29110000
2026-06-05,499.53,505.62,463.95,466.38,46900606
2026-06-08,485,494.97,477.71,490.33,25158813
2026-06-09,502.75,505,437.23,475.51,37799812
2026-06-10,467.97,477.45,448.33,452.4,27777400
2026-06-11,461.6,490.46,458.02,488.45,30463100
2026-06-12,499.69,521.71,494,511.57,31618462
2026-06-15,535.75,558.37,530.5,547.26,33482425
2026-06-16,546.89,548.95,507.25,507.29,28411700
2026-06-17,529.66,532.5,507.3,512.48,27085340
2026-06-18,531.58,539.69,526.32,537.37,43805645
2026-06-22,545.5,562.99,535.71,551.63,25983245
2026-06-23,509.08,528.49,506.81,519.85,30196800
2026-06-24,520.82,524.96,503.5,519.74,26548300
2026-06-25,543.93,550.88,507,532.57,27115339
2026-06-26,519.79,525.11,502.61,521.58,52705137
2026-06-29,522.84,542.19,495.35,539.49,26671016
2026-06-30,545.57,584.73,545.57,580.91,34488503
2026-07-01,557.53,564.09,538.74,540.88,28326800
2026-07-02,538.16,547.65,506,517.82,28228930
2026-07-06,535.35,572.5,527,552.05,30684200
2026-07-07,515.91,524.97,503.11,516.11,29166801
2026-07-08,504.81,522.98,498.15,517.41,23768536
2026-07-09,537.27,559.5,535.2,546.72,26900808
2026-07-10,544.01,560.25,540.05,557.89,20704530
2026-07-13,537.5,551.87,526.92,534.39,22957400
2026-07-14,567.22,574.2,546.77,548.13,21201370
